tweet_number,word,tf-idf_score
0,Kowalczyk,0.3779644730092272
0,Soczi,0.3779644730092272
0,Sportowa,0.3779644730092272
0,TV,0.3779644730092272
0,króluje,0.3779644730092272
0,poprawność,0.3779644730092272
0,teraz,0.3779644730092272
