tweet_number,word,tf-idf_score
0,1976,0.2886751345948129
0,Olympic,0.2886751345948129
0,Sochi,0.2886751345948129
0,TeamUSAHockey,0.2886751345948129
0,They,0.2886751345948129
0,game,0.2886751345948129
0,games,0.2886751345948129
0,shut,0.5773502691896258
0,straight,0.2886751345948129
