tweet_number,word,tf-idf_score
0,135000,0.31622776601683794
0,FTOPZgxRpQ,0.31622776601683794
0,Glastonbury,0.31622776601683794
0,Ireland,0.31622776601683794
0,Sun,0.31622776601683794
0,comes,0.31622776601683794
0,fans,0.31622776601683794
0,hit,0.31622776601683794
0,http,0.31622776601683794
0,music,0.31622776601683794
