tweet_number,word,tf-idf_score
0,Fuck,0.4082482904638631
0,Glastonbury,0.4082482904638631
0,man,0.4082482904638631
0,steel,0.4082482904638631
0,superman,0.4082482904638631
0,watching,0.4082482904638631
