tweet_number,word,tf-idf_score
0,Glastonbury,0.30151134457776363
0,Haim,0.30151134457776363
0,Vocalista,0.30151134457776363
0,diz,0.30151134457776363
0,http,0.30151134457776363
0,mH0ztCKSV4,0.30151134457776363
0,morreu,0.30151134457776363
0,palco,0.30151134457776363
0,pop,0.30151134457776363
0,quase,0.30151134457776363
0,que,0.30151134457776363
