tweet_number,word,tf-idf_score
0,Costello,0.5773502691896258
0,Elvis,0.5773502691896258
0,Glastonbury,0.5773502691896258
