tweet_number,word,tf-idf_score
0,C65FjEw4E6,0.22941573387056174
0,CT,0.4588314677411235
0,Developer,0.22941573387056174
0,Full,0.22941573387056174
0,Glastonbury,0.4588314677411235
0,Java,0.22941573387056174
0,Job,0.22941573387056174
0,Location,0.22941573387056174
0,Looking,0.22941573387056174
0,Opening,0.22941573387056174
0,Time,0.22941573387056174
0,http,0.22941573387056174
0,job,0.22941573387056174
