tweet_number,word,tf-idf_score
0,BBCR1,0.31622776601683794
0,By,0.31622776601683794
0,Essential,0.31622776601683794
0,Glastonbury,0.31622776601683794
0,Mix,0.31622776601683794
0,best,0.31622776601683794
0,far,0.31622776601683794
0,heard,0.31622776601683794
0,sets,0.31622776601683794
0,ve,0.31622776601683794
