tweet_number,word,tf-idf_score
0,Glastonbury,0.4082482904638631
0,Hunter,0.4082482904638631
0,Wishing,0.4082482904638631
0,boots,0.4082482904638631
0,kellipop,0.4082482904638631
0,wearing,0.4082482904638631
1,Glastonbury,0.3170107295865702
1,Hunter,0.3170107295865702
1,RT,0.44554751932983694
1,Wishing,0.3170107295865702
1,boots,0.3170107295865702
1,kellipop,0.3170107295865702
1,ladytron831,0.44554751932983694
1,wearing,0.3170107295865702
